place,magnitude,date_time,latitude,longitude,depth,source,time,risk_level
South Sandwich Islands region,7.1,2021-08-22 21:33:00.000,-60.3026,-24.9992,0.0,historical,,High
"Vallenar, Chile",6.5,2020-09-01 21:09:00.000,-27.9285,-71.3937,0.0,historical,,High
"Boyuibe, Bolivia",6.8,2018-04-02 13:40:00.000,-20.6588,-63.0058,0.0,historical,,High
"Amberley, New Zealand",6.5,2016-11-14 00:34:00.000,-42.6058,173.254,0.0,historical,,High
Banda Sea,7.1,2012-12-10 16:53:00.000,-6.533,129.825,0.0,historical,,High
"Sultanda??, Turkey",6.5,2002-02-03 07:11:00.000,38.573,31.271,0.0,historical,,High
"Kimbe, Papua New Guinea",7.0,2018-10-10 20:48:00.000,-5.7012,151.205,0.0,historical,,High
"Rosa Zarate, Ecuador",6.9,2016-05-18 16:46:00.000,0.4947,-79.616,0.0,historical,,High
"Te Anau, New Zealand",7.2,2003-08-21 12:12:00.000,-45.104,167.144,0.0,historical,,High
"Bathsheba, Barbados",6.5,2015-07-16 15:16:00.000,13.8672,-58.5479,0.0,historical,,High
"Port-Vila, Vanuatu",6.8,2015-01-23 03:47:00.000,-17.0309,168.52,0.0,historical,,High
"Maumere, Indonesia",7.0,2015-02-27 13:45:00.000,-7.2968,122.535,0.0,historical,,High
"Bengkulu, Indonesia",7.4,2001-02-13 19:28:00.000,-4.68,102.562,0.0,historical,,High
South Sandwich Islands region,7.3,2013-07-15 14:03:00.000,-60.857,-25.07,0.0,historical,,High
"Illapel, Chile",6.7,2015-09-17 04:10:00.000,-31.5173,-71.804,0.0,historical,,High
"Labuan Lombok, Indonesia",6.9,2018-08-19 14:56:00.000,-8.319,116.627,0.0,historical,,High
"Buala, Solomon Islands",6.8,2015-11-18 18:31:00.000,-8.8994,158.422,0.0,historical,,High
"Muisne, Ecuador",7.8,2016-04-16 23:58:00.000,0.3819,-79.9218,0.0,historical,,Very High
"Pizarro, Colombia",7.2,2004-11-15 09:06:00.000,4.695,-77.508,0.0,historical,,High
"Adak, Alaska",6.5,2018-08-15 21:56:00.000,51.4234,-178.026,0.0,historical,,High
"Vaini, Tonga",7.4,2013-05-23 17:19:00.000,-23.009,-177.232,0.0,historical,,High
"Lata, Solomon Islands",7.2,2007-09-02 01:05:00.000,-11.61,165.762,0.0,historical,,High
Scotia Sea,7.7,2013-11-17 09:04:00.000,-60.2738,-46.4011,0.0,historical,,Very High
"Gizo, Solomon Islands",6.6,2010-01-03 21:48:00.000,-8.726,157.487,0.0,historical,,High
"?funato, Japan",7.0,2003-05-26 09:24:00.000,38.849,141.568,0.0,historical,,High
"Jurm, Afghanistan",7.4,2002-03-03 12:08:00.000,36.502,70.482,0.0,historical,,High
central Mid-Atlantic Ridge,6.5,2020-08-30 21:20:00.000,0.8696,-29.7046,0.0,historical,,High
"Néa Anatolí, Greece",6.5,2020-05-02 12:51:00.000,34.1818,25.7101,0.0,historical,,High
"Punta de Burica, Panama",6.5,2015-01-07 05:07:00.000,5.9045,-82.6576,0.0,historical,,High
"Kushiro, Japan",8.16,2003-09-25 19:50:00.000,41.815,143.91,0.0,historical,,Very High
"Namatanai, Papua New Guinea",7.6,2019-05-14 12:58:00.000,-4.051,152.597,0.0,historical,,Very High
"Quirihue, Chile",8.8,2010-02-27 06:34:00.000,-36.122,-72.898,0.0,historical,,Very High
"Barranca, Peru",6.5,2022-02-03 15:58:00.000,-4.455,-76.9395,0.0,historical,,High
South Shetland Islands,6.9,2021-01-23 23:36:00.000,-61.8484,-55.559,0.0,historical,,High
"Aitape, Papua New Guinea",6.6,2013-04-16 22:55:00.000,-3.214,142.542,0.0,historical,,High
"San Jose Village, Northern Mariana Islands",6.5,2002-08-14 13:57:00.000,14.101,146.199,0.0,historical,,High
"Sungai Penuh, Indonesia",7.2,2008-02-25 08:36:00.000,-2.486,99.972,0.0,historical,,High
"Yacuanquer, Colombia",6.9,2013-02-09 14:16:00.000,1.135,-77.393,0.0,historical,,High
"Iztapa, Guatemala",6.7,2007-06-13 19:29:00.000,13.554,-90.618,0.0,historical,,High
,6.9,2022-05-19 10:13:00.000,-54.1325,159.027,0.0,historical,,High
"Kokopo, Papua New Guinea",6.8,2018-03-08 17:39:00.000,-4.3762,153.2,0.0,historical,,High
South Sandwich Islands region,8.1,2021-08-12 18:35:00.000,-58.4157,-25.3206,0.0,historical,,Very High
"Bristol Island, South Sandwich Islands",6.5,2019-04-09 17:53:00.000,-58.6262,-25.304,0.0,historical,,High
"Longbranch, Washington",6.8,2001-02-28 18:54:00.000,47.149,-122.727,0.0,historical,,High
"Manokwari, Indonesia",6.7,2012-04-21 01:16:00.000,-1.617,134.276,0.0,historical,,High
"Puako, Hawaii",6.7,2006-10-15 17:07:00.000,19.877,-155.935,0.0,historical,,High
"Amberley, New Zealand",7.8,2016-11-13 11:02:00.000,-42.7373,173.054,0.0,historical,,Very High
"Severo-Kuril’sk, Russia",7.5,2020-03-25 02:49:00.000,48.9638,157.695,0.0,historical,,Very High
"Bam, Iran",6.6,2003-12-26 01:56:00.000,28.995,58.311,0.0,historical,,High
"?yama, Japan",7.1,2009-08-09 10:55:00.000,33.167,137.944,0.0,historical,,High
"Sinabang, Indonesia",6.5,2005-11-19 14:10:00.000,2.164,96.786,0.0,historical,,High
"Kimbe, Papua New Guinea",6.6,2002-02-05 13:27:00.000,-5.345,151.248,0.0,historical,,High
"Malango, Solomon Islands",6.5,2007-08-16 08:39:00.000,-9.834,159.465,0.0,historical,,High
"Merizo Village, Guam",7.1,2002-04-26 16:06:00.000,13.088,144.619,0.0,historical,,High
"Indianola, California",6.8,2014-03-10 05:18:00.000,40.8287,-125.134,0.0,historical,,High
"Tobelo, Indonesia",6.5,2014-11-21 10:10:00.000,2.2999,127.056,0.0,historical,,High
"Sulangan, Philippines",7.6,2012-08-31 12:47:00.000,10.811,126.638,0.0,historical,,Very High
"Cañete, Chile",6.6,2010-07-14 08:32:00.000,-38.067,-73.31,0.0,historical,,High
"Perryville, Alaska",7.8,2020-07-22 06:12:00.000,55.1079,-158.477,0.0,historical,,Very High
"Ust’-Kamchatsk Staryy, Russia",6.6,2017-03-29 04:09:00.000,56.9401,162.786,0.0,historical,,High
"Attu Station, Alaska",6.5,2017-10-08 22:34:00.000,52.3909,176.769,0.0,historical,,High
Kermadec Islands region,6.9,2018-09-10 04:19:00.000,-31.7447,-179.373,0.0,historical,,High
"Kokopo, Papua New Guinea",7.6,2005-09-09 07:26:00.000,-4.539,153.474,0.0,historical,,Very High
"Te Anau, New Zealand",6.8,2007-10-15 12:29:00.000,-44.796,167.553,0.0,historical,,High
"Kirakira, Solomon Islands",6.6,2014-04-13 13:24:00.000,-11.1284,162.052,0.0,historical,,High
"Morioka, Japan",6.8,2008-07-23 15:26:00.000,39.802,141.464,0.0,historical,,High
"Kota Ternate, Indonesia",6.9,2019-07-07 15:08:00.000,0.5126,126.189,0.0,historical,,High
"Tarauacá, Brazil",6.5,2022-06-08 00:55:00.000,-9.0618,-71.1647,0.0,historical,,High
"Sola, Vanuatu",6.7,2005-02-08 14:48:00.000,-14.252,167.259,0.0,historical,,High
"Kimbe, Papua New Guinea",7.0,2001-10-31 09:10:00.000,-5.912,150.196,0.0,historical,,High
"Kokopo, Papua New Guinea",6.8,2015-05-01 08:06:00.000,-5.2005,151.777,0.0,historical,,High
"Padang, Indonesia",6.7,2009-08-16 07:38:00.000,-1.479,99.49,0.0,historical,,High
"Lospalos, Timor Leste",6.7,2016-12-21 00:17:00.000,-7.5082,127.921,0.0,historical,,High
"Talcahuano, Chile",6.6,2010-03-05 11:47:00.000,-36.665,-73.374,0.0,historical,,High
"Gizo, Solomon Islands",7.1,2010-01-03 22:36:00.000,-8.783,157.354,0.0,historical,,High
"Bristol Island, South Sandwich Islands",6.6,2019-08-27 23:55:00.000,-60.2152,-26.5801,0.0,historical,,High
"Prince Rupert, Canada",7.8,2012-10-28 03:04:00.000,52.788,-132.101,0.0,historical,,Very High
"Atiquipa, Peru",7.1,2018-01-14 09:18:00.000,-15.7675,-74.7092,0.0,historical,,High
"Padang, Indonesia",7.0,2007-09-13 03:35:00.000,-2.13,99.627,0.0,historical,,High
"Sola, Vanuatu",7.2,2010-05-27 17:14:00.000,-13.698,166.643,0.0,historical,,High
"Dalbandin, Pakistan",7.2,2011-01-18 20:23:00.000,28.777,63.951,0.0,historical,,High
South Sandwich Islands region,7.2,2016-05-28 09:46:00.000,-56.2409,-26.9353,0.0,historical,,High
"Olonkinbyen, Svalbard and Jan Mayen",6.7,2018-11-09 01:49:00.000,71.6312,-11.2431,0.0,historical,,High
"Alo, Wallis and Futuna",6.5,2015-04-17 15:52:00.000,-15.8815,-178.6,0.0,historical,,High
"Saryg-Sep, Russia",6.7,2012-02-26 06:17:00.000,51.708,95.991,0.0,historical,,High
"Kirakira, Solomon Islands",6.8,2015-05-22 23:59:00.000,-11.1093,163.215,0.0,historical,,High
"Sola, Vanuatu",6.7,2016-04-07 03:32:00.000,-13.9805,166.594,0.0,historical,,High
"Lefkáda, Greece",6.5,2015-11-17 07:10:00.000,38.67,20.6,0.0,historical,,High
"Port-Vila, Vanuatu",7.1,2012-02-02 13:34:00.000,-17.827,167.133,0.0,historical,,High
"Kermadec Islands, New Zealand",6.5,2014-06-23 19:21:00.000,-29.9379,-177.516,0.0,historical,,High
"Padang, Indonesia",6.7,2007-09-20 08:31:00.000,-1.999,100.141,0.0,historical,,High
"Chauk, Myanmar",6.8,2016-08-24 10:34:00.000,20.9228,94.569,0.0,historical,,High
"Finschhafen, Papua New Guinea",6.6,2014-11-07 03:33:00.000,-5.9873,148.232,0.0,historical,,High
"Burica, Panama",6.7,2021-07-21 21:15:00.000,7.5904,-82.8813,0.0,historical,,High
"Nadi, Fiji",6.9,2017-01-03 21:52:00.000,-19.3733,176.052,0.0,historical,,High
"Isangel, Vanuatu",6.6,2003-11-06 10:38:00.000,-19.262,168.892,0.0,historical,,High
"Nabire, Indonesia",7.0,2004-02-05 21:05:00.000,-3.615,135.538,0.0,historical,,High
"Mikuni, Japan",6.8,2007-07-16 14:17:00.000,36.808,134.85,0.0,historical,,High
"Kirakira, Solomon Islands",6.9,2016-12-09 19:10:00.000,-10.749,161.132,0.0,historical,,High
"Kepulauan Mentawai region, Indonesia",6.5,2007-09-13 02:30:00.000,-1.689,99.668,0.0,historical,,High
"Sola, Vanuatu",6.7,2016-04-06 06:58:00.000,-14.0683,166.624,0.0,historical,,High
"Kuril’sk, Russia",7.0,2020-02-13 10:33:00.000,45.6161,148.959,0.0,historical,,High
"Mawlaik, Myanmar",6.9,2016-04-13 13:55:00.000,23.0944,94.8654,0.0,historical,,High
"Atlasovo, Russia",6.9,2004-06-10 15:19:00.000,55.682,160.003,0.0,historical,,High
"Khuzdar, Pakistan",6.8,2013-09-28 07:34:00.000,27.1825,65.5052,0.0,historical,,High
"Papua, Indonesia",7.0,2010-09-29 17:11:00.000,-4.963,133.76,0.0,historical,,High
"Bima, Indonesia",6.6,2009-11-08 19:41:00.000,-8.207,118.631,0.0,historical,,High
"Hacienda La Calera, Chile",6.7,2012-04-17 03:50:00.000,-32.625,-71.365,0.0,historical,,High
"Bengkulu, Indonesia",6.8,2007-10-24 21:02:00.000,-3.899,101.02,0.0,historical,,High
"Sarangani, Philippines",6.5,2016-01-11 16:38:00.000,3.8965,126.862,0.0,historical,,High
Nepal,7.3,2015-05-12 07:05:00.000,27.8087,86.0655,0.0,historical,,High
"Kimbe, Papua New Guinea",6.5,2006-05-28 03:12:00.000,-5.724,151.133,0.0,historical,,High
"Pólis, Cyprus",6.6,2022-01-11 01:07:00.000,35.1456,31.9095,0.0,historical,,High
"Ternate, Indonesia",7.1,2001-02-24 07:23:00.000,1.271,126.249,0.0,historical,,High
"Boca Chica, Panama",6.7,2022-10-20 11:57:00.000,7.6712,-82.3396,0.0,historical,,High
"Manokwari, Indonesia",6.5,2001-09-11 14:56:00.000,-0.578,133.13,0.0,historical,,High
"Port-Vila, Vanuatu",6.5,2011-08-20 17:13:00.000,-18.308,168.156,0.0,historical,,High
"Tobelo, Indonesia",6.9,2007-07-26 05:40:00.000,2.872,127.464,0.0,historical,,High
"Mangan, India",6.9,2011-09-18 12:40:00.000,27.73,88.155,0.0,historical,,High
"Levuka, Fiji",7.9,2018-09-06 15:49:00.000,-18.4743,179.35,0.0,historical,,Very High
"Kirakira, Solomon Islands",6.5,2018-09-09 19:31:00.000,-10.0207,161.503,0.0,historical,,High
"New Ireland region, Papua New Guinea",6.7,2002-12-12 08:30:00.000,-4.786,153.275,0.0,historical,,High
"Timbiquí, Colombia",6.8,2007-09-10 01:49:00.000,2.966,-77.963,0.0,historical,,High
"Pariaman, Indonesia",6.7,2022-03-13 21:09:00.000,-0.6831,98.6034,0.0,historical,,High
"Belaya Gora, Russia",6.6,2013-02-14 13:13:00.000,67.631,142.508,0.0,historical,,High
"Abepura, Indonesia",7.0,2015-07-27 21:41:00.000,-2.6286,138.528,0.0,historical,,High
"Kirakira, Solomon Islands",6.5,2017-01-19 23:04:00.000,-10.3506,161.335,0.0,historical,,High
"Santa Cruz, Chile",6.9,2010-03-11 14:39:00.000,-34.29,-71.891,0.0,historical,,High
"Helio García Alfaro, Mexico",6.6,2011-04-07 13:11:00.000,17.208,-94.338,0.0,historical,,High
"Naze, Japan",6.8,2009-10-30 07:03:00.000,29.218,129.782,0.0,historical,,High
"Iquique, Chile",7.8,2005-06-13 22:44:00.000,-19.987,-69.197,0.0,historical,,Very High
"Tobelo, Indonesia",6.6,2008-09-11 00:00:00.000,1.885,127.363,0.0,historical,,High
"Neiafu, Tonga",6.6,2012-04-28 10:08:00.000,-18.685,-174.705,0.0,historical,,High
"Lae, Papua New Guinea",6.8,2007-11-22 08:48:00.000,-5.757,147.098,0.0,historical,,High
"El Aguilar, Argentina",6.7,2015-02-11 18:57:00.000,-23.1125,-66.688,0.0,historical,,High
"Gizo, Solomon Islands",6.8,2010-01-05 12:15:00.000,-9.019,157.551,0.0,historical,,High
"Pangai, Tonga",6.5,2021-04-24 00:23:00.000,-18.9204,-176.235,0.0,historical,,High
"San Antonio, Chile",6.8,2019-08-01 18:28:00.000,-34.2364,-72.3102,0.0,historical,,High
"San Vicente de Cañete, Peru",6.7,2006-10-20 10:48:00.000,-13.457,-76.677,0.0,historical,,High
"Maubara, Timor Leste",6.5,2015-11-04 03:44:00.000,-8.3381,124.875,0.0,historical,,High
"Ust’-Kamchatsk Staryy, Russia",7.3,2018-12-20 17:01:00.000,55.0999,164.699,0.0,historical,,High
"Kermadec Islands, New Zealand",6.9,2014-06-23 19:19:00.000,-29.9772,-177.725,0.0,historical,,High
"Kokopo, Papua New Guinea",6.7,2009-06-23 14:19:00.000,-5.157,153.782,0.0,historical,,High
"Valparaíso, Chile",6.9,2017-04-24 21:38:00.000,-33.0375,-72.0617,0.0,historical,,High
"Shizunai-furukawach?, Japan",6.7,2016-01-14 03:25:00.000,41.9723,142.781,0.0,historical,,High
"Fox Islands, Aleutian Islands, Alaska",6.9,2015-07-27 04:49:00.000,52.376,-169.446,0.0,historical,,High
"Lukatan, Philippines",7.5,2001-01-01 06:57:00.000,6.898,126.579,0.0,historical,,Very High
"Ashk?sham, Afghanistan",6.6,2016-04-10 10:28:00.000,36.4725,71.1311,0.0,historical,,High
"Iquique, Chile",7.7,2014-04-03 02:43:00.000,-20.5709,-70.4931,0.0,historical,,Very High
"Kandrian, Papua New Guinea",6.8,2016-10-17 06:14:00.000,-6.0033,148.887,0.0,historical,,High
"Bulolo, Papua New Guinea",7.1,2019-05-06 21:19:00.000,-6.9746,146.449,0.0,historical,,High
"Tadine, New Caledonia",7.5,2018-12-05 04:18:00.000,-21.9496,169.427,0.0,historical,,Very High
"Aniso, Peru",6.8,2014-08-24 23:21:00.000,-14.598,-73.5714,0.0,historical,,High
"?tsuchi, Japan",6.6,2011-03-11 11:36:00.000,39.241,142.463,0.0,historical,,High
"Panguna, Papua New Guinea",7.9,2017-01-22 04:30:00.000,-6.2464,155.172,0.0,historical,,Very High
"Pagan region, Northern Mariana Islands",6.8,2013-05-14 00:32:00.000,18.728,145.288,0.0,historical,,High
Macquarie Island,8.1,2004-12-23 14:59:00.000,-49.312,161.345,0.0,historical,,Very High
"Katsuura, Japan",6.6,2005-01-19 06:11:00.000,34.064,141.491,0.0,historical,,High
"Punta de Burica, Panama",6.5,2014-05-13 06:35:00.000,7.2096,-82.3045,0.0,historical,,High
"Stanley, Idaho",6.5,2020-03-31 23:52:00.000,44.4646,-115.118,0.0,historical,,High
"Sola, Vanuatu",6.7,2002-06-17 21:26:00.000,-12.592,166.383,0.0,historical,,High
"Constitución, Chile",6.7,2011-02-14 03:40:00.000,-35.38,-72.834,0.0,historical,,High
"Hihifo, Tonga",6.5,2015-03-30 08:48:00.000,-15.4994,-173.029,0.0,historical,,High
"Yonakuni, Japan",6.8,2001-12-18 04:02:00.000,23.954,122.734,0.0,historical,,High
"Corral, Chile",6.7,2020-12-27 21:39:00.000,-39.3264,-74.9067,0.0,historical,,High
"Jurm, Afghanistan",6.6,2009-01-03 20:23:00.000,36.419,70.743,0.0,historical,,High
"Sarangani, Philippines",7.2,2009-02-11 17:34:00.000,3.886,126.387,0.0,historical,,High
"Isangel, Vanuatu",7.0,2022-09-14 11:04:00.000,-21.2077,170.239,0.0,historical,,High
"Port-Vila, Vanuatu",7.2,2002-01-02 17:22:00.000,-17.6,167.856,0.0,historical,,High
"Basse-Pointe, Martinique",7.4,2007-11-29 19:00:00.000,14.944,-61.274,0.0,historical,,High
"Panguna, Papua New Guinea",6.9,2007-04-01 21:11:00.000,-7.306,155.741,0.0,historical,,High
Okhotsk,6.7,2013-05-24 14:56:00.000,52.235,151.444,0.0,historical,,High
"Mabua, Philippines",6.5,2017-02-10 14:03:00.000,9.9071,125.452,0.0,historical,,High
Scotia Sea,6.9,2013-11-16 03:34:00.000,-60.2627,-47.0621,0.0,historical,,High
"Kandrian, Papua New Guinea",6.6,2013-07-07 20:30:00.000,-6.029,149.706,0.0,historical,,High
"Lata, Solomon Islands",6.6,2020-05-12 22:41:00.000,-12.0662,166.648,0.0,historical,,High
"Shwebo, Myanmar",6.8,2012-11-11 01:12:00.000,23.005,95.885,0.0,historical,,High
"Luwuk, Indonesia",6.8,2019-04-12 11:40:00.000,-1.8146,122.58,0.0,historical,,High
"El Huitusi, Mexico",6.7,2010-10-21 17:53:00.000,24.696,-109.156,0.0,historical,,High
"Namie, Japan",6.5,2014-07-11 19:22:00.000,37.0052,142.452,0.0,historical,,High
"Nuevo Balsas, Mexico",6.5,2011-12-11 01:47:00.000,17.986,-99.789,0.0,historical,,High
"Makurazaki, Japan",6.7,2015-11-13 20:51:00.000,31.0009,128.873,0.0,historical,,High
Afghanistan-Tajikistan-Pakistan region,6.6,2004-04-05 21:24:00.000,36.512,71.029,0.0,historical,,High
"Iquique, Chile",6.5,2014-04-03 01:58:00.000,-20.3113,-70.5756,0.0,historical,,High
"Progreso, Panama",6.5,2003-12-25 07:11:00.000,8.416,-82.824,0.0,historical,,High
"Aktash, Russia",6.7,2003-10-01 01:03:00.000,50.211,87.721,0.0,historical,,High
"Broome, Australia",6.6,2019-07-14 05:39:00.000,-18.2242,120.358,0.0,historical,,High
"Santiago, Peru",6.9,2011-10-28 18:54:00.000,-14.438,-75.966,0.0,historical,,High
"northern Qinghai, China",6.6,2022-01-07 17:45:00.000,37.8167,101.299,0.0,historical,,High
"Do?anyol, Turkey",6.7,2020-01-24 17:55:00.000,38.4312,39.0609,0.0,historical,,High
Bouvet Island region,6.5,2017-12-13 18:03:00.000,-54.2189,2.1628,0.0,historical,,High
"Hotan, China",6.9,2014-02-12 09:19:00.000,35.9053,82.5864,0.0,historical,,High
"Kumamoto, Japan",7.0,2016-04-15 16:25:00.000,32.7906,130.754,0.0,historical,,High
"Sangay, Philippines",6.6,2014-12-02 05:11:00.000,6.1572,123.126,0.0,historical,,High
"Punta de Burica, Panama",6.5,2002-07-31 00:16:00.000,7.929,-82.793,0.0,historical,,High
"Old Harbor, Alaska",6.9,2001-01-10 16:02:00.000,56.7744,-153.281,0.0,historical,,High
"Pinotepa de Don Luis, Mexico",7.2,2018-02-16 23:39:00.000,16.3855,-97.9787,0.0,historical,,High
the Fiji Islands,6.5,2018-09-16 21:11:00.000,-25.415,178.199,0.0,historical,,High
"Kirakira, Solomon Islands",7.4,2014-04-13 12:36:00.000,-11.4633,162.051,0.0,historical,,High
"Sola, Vanuatu",6.5,2004-04-09 15:23:00.000,-13.174,167.198,0.0,historical,,High
"Kod?ri??, Nepal",6.7,2015-04-26 07:09:00.000,27.7711,86.0173,0.0,historical,,High
"Kokopo, Papua New Guinea",7.5,2015-03-29 23:48:00.000,-4.7294,152.562,0.0,historical,,Very High
"Ozernovskiy, Russia",6.5,2013-03-01 13:20:00.000,50.958,157.408,0.0,historical,,High
"Padang, Indonesia",6.7,2005-04-10 10:29:00.000,-1.644,99.607,0.0,historical,,High
"Bantay, Philippines",7.0,2022-07-27 00:43:00.000,17.5978,120.809,0.0,historical,,High
"Teno, Chile",6.5,2004-08-28 13:41:00.000,-35.173,-70.525,0.0,historical,,High
"Tabiauan, Philippines",7.3,2017-01-10 06:13:00.000,4.4782,122.617,0.0,historical,,High
"Sinabang, Indonesia",7.8,2010-04-06 22:15:00.000,2.383,97.048,0.0,historical,,Very High
"Panguna, Papua New Guinea",7.5,2014-04-19 13:28:00.000,-6.7547,155.024,0.0,historical,,Very High
"Kamaishi, Japan",7.7,2011-03-11 06:25:00.000,38.058,144.59,0.0,historical,,Very High
"Big Lagoon, California",7.2,2005-06-15 02:50:00.000,41.292,-125.953,0.0,historical,,High
"Lospalos, Timor Leste",6.5,2013-09-01 11:52:00.000,-7.44,128.221,0.0,historical,,High
"Bamboo Flat, India",7.5,2009-08-10 19:55:00.000,14.099,92.902,0.0,historical,,Very High
"Palu, Indonesia",7.5,2018-09-28 10:02:00.000,-0.2559,119.846,0.0,historical,,Very High
"Amahai, Indonesia",6.9,2015-12-09 10:21:00.000,-4.1064,129.508,0.0,historical,,High
"Blenheim, New Zealand",6.5,2013-08-16 02:31:00.000,-41.734,174.152,0.0,historical,,High
"Manokwari, Indonesia",6.7,2002-10-10 12:28:00.000,-1.511,133.973,0.0,historical,,High
"Hasaki, Japan",6.5,2011-03-11 08:19:00.000,36.166,141.562,0.0,historical,,High
"Ishinomaki, Japan",6.5,2005-12-02 13:13:00.000,38.089,142.122,0.0,historical,,High
Mauritius - Reunion region,6.7,2021-05-12 14:05:00.000,-17.2495,66.3745,0.0,historical,,High
,6.6,2022-11-09 10:14:00.000,-25.5948,178.278,0.0,historical,,High
"?arai, Japan",7.9,2011-03-11 06:15:00.000,36.281,141.111,0.0,historical,,Very High
"Nemuro, Japan",6.8,2004-12-06 14:15:00.000,42.9,145.228,0.0,historical,,High
"Atka, Alaska",6.5,2013-09-04 02:32:00.000,51.5573,-174.767,0.0,historical,,High
"Burias, Philippines",6.9,2017-04-28 20:23:00.000,5.5043,125.066,0.0,historical,,High
"Papua, Indonesia",7.3,2004-02-07 02:42:00.000,-4.003,135.023,0.0,historical,,High
"Sinabang, Indonesia",6.7,2021-05-14 06:33:00.000,0.1684,96.6475,0.0,historical,,High
"?funato, Japan",7.3,2012-12-07 08:18:00.000,37.89,143.949,0.0,historical,,High
"Ambon, Indonesia",6.7,2004-01-28 22:15:00.000,-3.12,127.4,0.0,historical,,High
"Luganville, Vanuatu",7.2,2007-08-01 17:08:00.000,-15.595,167.68,0.0,historical,,High
"Katabu, Indonesia",6.5,2005-02-19 00:04:00.000,-5.562,122.129,0.0,historical,,High
"Nikolski, Alaska",6.5,2022-01-11 12:39:00.000,52.502,-168.08,0.0,historical,,High
"Ternate, Indonesia",7.1,2014-11-15 02:31:00.000,1.8929,126.522,0.0,historical,,High
"Atka, Alaska",7.0,2013-08-30 16:25:00.000,51.537,-175.23,0.0,historical,,High
"Ishinomaki, Japan",7.1,2011-04-07 14:32:00.000,38.276,141.588,0.0,historical,,High
"Aktash, Russia",7.3,2003-09-27 11:33:00.000,50.038,87.813,0.0,historical,,High
"Imph?l, India",6.7,2016-01-03 23:05:00.000,24.8036,93.6505,0.0,historical,,High
"Sagbayan, Philippines",7.1,2013-10-15 00:12:00.000,9.8796,124.117,0.0,historical,,High
"Cojutepeque, El Salvador",6.6,2001-02-13 14:22:00.000,13.671,-88.938,0.0,historical,,High
"Nicobar Islands, India region",6.6,2004-12-26 09:20:00.000,8.879,92.375,0.0,historical,,High
"Delta, B.C., MX",7.2,2010-04-04 22:40:00.000,32.2862,-115.295,0.0,historical,,High
"Carúpano, Venezuela",7.3,2018-08-21 21:31:00.000,10.7731,-62.9019,0.0,historical,,High
"Quellón, Chile",7.6,2016-12-25 14:22:00.000,-43.4064,-73.9413,0.0,historical,,Very High
"Southern Qinghai, China",7.8,2001-11-14 09:26:00.000,35.946,90.541,0.0,historical,,Very High
"Kure, Japan",6.8,2001-03-24 06:27:00.000,34.083,132.526,0.0,historical,,High
Ant,6.7,2007-12-16 08:09:00.000,-22.954,-70.182,0.0,historical,,High
South Sandwich Islands region,6.6,2021-08-22 00:45:00.000,-60.1023,-24.4608,0.0,historical,,High
"Norsup, Vanuatu",6.8,2006-08-07 22:18:00.000,-15.798,167.789,0.0,historical,,High
"Kokopo, Papua New Guinea",6.5,2014-07-04 15:00:00.000,-6.2304,152.807,0.0,historical,,High
"Kos, Greece",6.6,2017-07-20 22:31:00.000,36.9293,27.4139,0.0,historical,,High
"Lakatoro, Vanuatu",6.5,2018-08-21 22:32:00.000,-16.0315,168.143,0.0,historical,,High
"Kangding, China",6.6,2022-09-05 04:52:00.000,29.7263,102.279,0.0,historical,,High
"Popondetta, Papua New Guinea",7.0,2020-07-17 02:50:00.000,-7.847,147.755,0.0,historical,,High
"Kokopo, Papua New Guinea",6.6,2003-06-07 00:32:00.000,-5.095,152.502,0.0,historical,,High
"Nikolski, Alaska",6.7,2022-01-11 11:35:00.000,52.48,-167.736,0.0,historical,,High
"Nikolski, Alaska",6.5,2022-01-11 12:39:00.000,52.502,-168.08,0.0,historical,,High
"Kermadec Islands, New Zealand",6.5,2013-09-30 05:55:00.000,-30.9255,-178.323,0.0,historical,,High
"Taungdwingyi, Myanmar",6.6,2003-09-21 18:16:00.000,19.917,95.672,0.0,historical,,High
"Kirakira, Solomon Islands",6.6,2007-11-27 11:49:00.000,-10.95,162.149,0.0,historical,,High
"Tadine, New Caledonia",7.0,2011-01-13 16:16:00.000,-20.628,168.471,0.0,historical,,High
"Qamdo, China",6.9,2010-04-13 23:49:00.000,33.165,96.548,0.0,historical,,High
"Kalemie, Democratic Republic",6.8,2005-12-05 12:19:00.000,-6.224,29.83,0.0,historical,,High
"Cantwell, Alaska",7.9,2002-11-03 22:12:00.000,63.5141,-147.453,0.0,historical,,Very High
"Léogâne, Haiti",7.0,2010-01-12 21:53:00.000,18.443,-72.571,0.0,historical,,High
"Wau, Papua New Guinea",7.1,2011-12-14 05:04:00.000,-7.551,146.809,0.0,historical,,High
"Piti Village, Guam",6.7,2014-09-17 06:14:00.000,13.7641,144.429,0.0,historical,,High
"Tilichiki, Russia",6.6,2006-04-29 16:58:00.000,60.491,167.516,0.0,historical,,High
"Masachapa, Nicaragua",6.5,2013-06-15 17:34:00.000,11.763,-86.926,0.0,historical,,High
"Nippes, Haiti",7.2,2021-08-14 12:29:00.000,18.3521,-73.4804,0.0,historical,,High
"Kawalu, Indonesia",6.5,2017-12-15 16:47:00.000,-7.4921,108.174,0.0,historical,,High
"Sinabang, Indonesia",6.8,2005-02-26 12:56:00.000,2.908,95.592,0.0,historical,,High
"Tilichiki, Russia",7.6,2006-04-20 23:25:00.000,60.949,167.089,0.0,historical,,Very High
"Kirakira, Solomon Islands",6.8,2004-10-08 08:27:00.000,-10.951,162.161,0.0,historical,,High
"Singkil, Indonesia",6.8,2006-05-16 15:28:00.000,0.093,97.05,0.0,historical,,High
"Greenland, Barbados",6.5,2014-02-18 09:27:00.000,14.6682,-58.9272,0.0,historical,,High
"Sinabang, Indonesia",7.4,2008-02-20 08:08:00.000,2.768,95.964,0.0,historical,,High
"Banjar, Indonesia",7.0,2009-09-02 07:55:00.000,-7.782,107.297,0.0,historical,,High
"Chignik, Alaska",6.9,2021-10-11 09:10:00.000,56.2581,-156.492,0.0,historical,,High
"Sola, Vanuatu",6.6,2019-01-15 18:06:00.000,-13.336,166.875,0.0,historical,,High
"Shing?, Japan",7.4,2004-09-05 14:57:00.000,33.184,137.071,0.0,historical,,High
Kuril Islands,8.3,2006-11-15 11:14:00.000,46.592,153.266,0.0,historical,,Very High
"Levuka, Fiji",6.7,2018-09-30 10:52:00.000,-18.3604,-178.063,0.0,historical,,High
"Shing?, Japan",7.2,2004-09-05 10:07:00.000,33.07,136.618,0.0,historical,,High
"Muzaffar?b?d, Pakistan",7.6,2005-10-08 03:50:00.000,34.539,73.588,0.0,historical,,Very High
the Kermadec Islands,6.6,2022-08-14 13:44:00.000,-32.6922,-178.959,0.0,historical,,High
"Pondaguitan, Philippines",7.0,2021-01-21 12:23:00.000,5.0074,127.517,0.0,historical,,High
"Rat Islands, Aleutian Islands, Alaska",7.9,2014-06-23 20:53:00.000,51.8486,178.735,0.0,historical,,Very High
"Lata, Solomon Islands",8.0,2013-02-06 01:12:00.000,-10.799,165.114,0.0,historical,,Very High
"Pulau-Pulau Talaud, Indonesia",6.5,2005-02-15 14:42:00.000,4.756,126.421,0.0,historical,,High
"Chiapas, Mexico",8.2,2017-09-08 04:49:00.000,15.0222,-93.8993,0.0,historical,,Very High
"Finschhafen, Papua New Guinea",6.5,2011-10-14 03:35:00.000,-6.57,147.881,0.0,historical,,High
"Aitape, Papua New Guinea",7.6,2002-09-08 18:44:00.000,-3.302,142.945,0.0,historical,,Very High
"Lae, Papua New Guinea",6.8,2012-04-17 07:13:00.000,-5.462,147.117,0.0,historical,,High
"Lautoka, Fiji",6.5,2006-04-07 08:30:00.000,-16.527,176.989,0.0,historical,,High
"Java, Indonesia",6.7,2013-06-13 16:47:00.000,-10.004,107.236,0.0,historical,,High
"Nuxco, Mexico",6.8,2002-04-18 05:02:00.000,16.985,-100.865,0.0,historical,,High
"La Libertad, El Salvador",6.6,2019-05-30 09:03:00.000,13.1994,-89.3056,0.0,historical,,High
"Coquimbo, Chile",6.7,2019-01-20 01:32:00.000,-30.0404,-71.3815,0.0,historical,,High
"Port-Olry, Vanuatu",6.9,2016-04-03 08:23:00.000,-14.3235,166.855,0.0,historical,,High
"Blenheim, New Zealand",6.5,2013-07-21 05:09:00.000,-41.704,174.337,0.0,historical,,High
"Tateyama, Japan",6.6,2009-08-12 22:48:00.000,32.821,140.395,0.0,historical,,High
"Kh?sh, Iran",7.7,2013-04-16 10:44:00.000,28.033,61.996,0.0,historical,,Very High
"Sand Point, Alaska",7.6,2020-10-19 20:54:00.000,54.662,-159.675,0.0,historical,,Very High
off the west coast of northern Sumatra,7.2,2012-01-10 18:36:00.000,2.433,93.21,0.0,historical,,High
"Panguna, Papua New Guinea",6.6,2014-04-19 01:04:00.000,-6.6558,155.087,0.0,historical,,High
Prince Edward Islands region,6.7,2019-01-22 19:01:00.000,-43.1219,42.3568,0.0,historical,,High
"Malango, Solomon Islands",7.0,2022-11-22 02:03:00.000,-9.7963,159.596,0.0,historical,,High
"Kíssamos, Greece",6.6,2013-10-12 13:11:00.000,35.5142,23.2523,0.0,historical,,High
"Tobelo, Indonesia",7.0,2003-05-26 19:23:00.000,2.354,128.855,0.0,historical,,High
the Fiji Islands,6.8,2022-02-16 20:21:00.000,-23.7852,-179.968,0.0,historical,,High
the Loyalty Islands,7.7,2021-02-10 13:19:00.000,-23.2787,171.489,0.0,historical,,Very High
"Kirakira, Solomon Islands",6.5,2016-12-08 21:56:00.000,-10.8416,161.314,0.0,historical,,High
"Nookat, Kyrgyzstan",6.7,2008-10-05 15:52:00.000,39.533,73.824,0.0,historical,,High
"Mindanao, Philippines",7.5,2002-03-05 21:16:00.000,6.033,124.249,0.0,historical,,Very High
Kermadec Islands region,6.5,2022-01-29 02:46:00.000,-29.535,-176.729,0.0,historical,,High
"Cantwell, Alaska",6.6,2002-10-23 11:27:00.000,63.5144,-147.912,0.0,historical,,High
"Tadine, New Caledonia",7.3,2003-12-27 16:00:00.000,-22.015,169.766,0.0,historical,,High
"Norsup, Vanuatu",7.0,2016-04-28 19:33:00.000,-16.0429,167.379,0.0,historical,,High
"Bahía de Kino, Mexico",6.6,2006-01-04 08:32:00.000,28.164,-112.117,0.0,historical,,High
the Kuril Islands,8.1,2007-01-13 04:23:00.000,46.243,154.524,0.0,historical,,Very High
Scotia Sea,7.6,2003-08-04 04:37:00.000,-60.532,-43.411,0.0,historical,,Very High
"Maubara, Timor Leste",7.5,2004-11-11 21:26:00.000,-8.152,124.868,0.0,historical,,Very High
"Port McNeill, Canada",6.7,2004-11-02 10:02:00.000,49.277,-128.772,0.0,historical,,High
"off the east coast of Honshu, Japan",7.1,2013-10-25 17:10:00.000,37.1557,144.661,0.0,historical,,High
"Kirakira, Solomon Islands",6.9,2010-04-11 09:40:00.000,-10.878,161.116,0.0,historical,,High
"Padang, Indonesia",6.7,2008-02-25 21:02:00.000,-2.245,99.808,0.0,historical,,High
"Lata, Solomon Islands",6.7,2013-02-07 18:59:00.000,-10.997,165.655,0.0,historical,,High
"Palimbang, Philippines",7.1,2005-02-05 12:23:00.000,5.293,123.337,0.0,historical,,High
the Loyalty Islands,7.0,2022-03-31 05:44:00.000,-22.5732,170.349,0.0,historical,,High
"Nicobar Islands, India region",7.5,2010-06-12 19:26:00.000,7.881,91.936,0.0,historical,,Very High
"Ferndale, California",6.5,2010-01-10 00:27:00.000,40.652,-124.692,0.0,historical,,High
"Isangel, Vanuatu",7.3,2010-12-25 13:16:00.000,-19.702,167.947,0.0,historical,,High
"Belén, Nicaragua",6.6,2014-04-11 20:29:00.000,11.642,-85.8779,0.0,historical,,High
"Bamboo Flat, India",6.6,2010-03-30 16:54:00.000,13.667,92.831,0.0,historical,,High
"Kimbe, Papua New Guinea",6.7,2006-10-17 01:25:00.000,-5.881,150.982,0.0,historical,,High
Ant,6.8,2007-11-15 15:05:00.000,-22.925,-70.237,0.0,historical,,High
"Kirakira, Solomon Islands",7.6,2014-04-12 20:14:00.000,-11.2701,162.148,0.0,historical,,Very High
"Jiquilillo, Nicaragua",6.5,2021-09-22 09:57:00.000,12.1598,-87.8542,0.0,historical,,High
off the west coast of northern Sumatra,8.6,2012-04-11 08:38:00.000,2.327,93.063,0.0,historical,,Very High
"San Pedro de Atacama, Chile",6.8,2020-06-03 07:35:00.000,-23.2966,-68.4204,0.0,historical,,High
"Lata, Solomon Islands",7.1,2013-02-06 01:23:00.000,-11.183,164.882,0.0,historical,,High
Philippine Islands region,6.9,2008-03-03 14:11:00.000,13.351,125.63,0.0,historical,,High
"Methven, New Zealand",7.0,2010-09-03 16:35:00.000,-43.522,171.83,0.0,historical,,High
"Reuleuet, Indonesia",6.5,2016-12-06 22:03:00.000,5.2834,96.1678,0.0,historical,,High
"Kokopo, Papua New Guinea",6.7,2003-01-10 13:11:00.000,-5.311,153.701,0.0,historical,,High
"Abepura, Indonesia",7.0,2013-04-06 04:42:00.000,-3.517,138.476,0.0,historical,,High
"Maumere, Indonesia",6.7,2017-10-24 10:47:00.000,-7.2168,123.074,0.0,historical,,High
"Bahía de Kino, Mexico",6.9,2009-08-03 17:59:00.000,29.039,-112.903,0.0,historical,,High
"Tadine, New Caledonia",6.9,2022-03-30 20:56:00.000,-22.72,170.277,0.0,historical,,High
Fiji region,6.5,2013-11-23 07:48:00.000,-17.1171,-176.545,0.0,historical,,High
"Copiapó, Chile",6.7,2006-04-30 19:17:00.000,-27.017,-71.022,0.0,historical,,High
"Shing?, Japan",6.6,2004-09-06 23:29:00.000,33.205,137.227,0.0,historical,,High
"Tadine, New Caledonia",6.6,2017-11-01 02:23:00.000,-21.6484,168.859,0.0,historical,,High
"Kirakira, Solomon Islands",7.3,2003-01-20 08:43:00.000,-10.491,160.77,0.0,historical,,High
"Neiafu, Tonga",7.3,2022-11-11 10:48:00.000,-19.2918,-172.129,0.0,historical,,High
"San Pedro, Philippines",6.6,2020-08-18 00:03:00.000,12.0065,124.13,0.0,historical,,High
"Singaparna, Indonesia",7.7,2006-07-17 08:19:00.000,-9.284,107.419,0.0,historical,,Very High
"Pangai, Tonga",8.0,2006-05-03 15:26:00.000,-20.187,-174.123,0.0,historical,,Very High
"Bhach?u, India",7.7,2001-01-26 03:16:00.000,23.419,70.232,0.0,historical,,Very High
"Champerico, Guatemala",7.4,2012-11-07 16:35:00.000,13.988,-91.895,0.0,historical,,High
"Lata, Solomon Islands",7.1,2013-02-08 15:26:00.000,-10.928,166.018,0.0,historical,,High
"Iquique, Chile",6.9,2014-04-01 23:57:00.000,-19.8927,-70.9455,0.0,historical,,High
"San Pablo, Guatemala",6.9,2017-06-14 07:29:00.000,14.9091,-92.0092,0.0,historical,,High
"Port-Vila, Vanuatu",7.3,2010-08-10 05:23:00.000,-17.541,168.069,0.0,historical,,High
"Shizunai-furukawach?, Japan",7.4,2003-09-25 21:08:00.000,41.774,143.593,0.0,historical,,High
"Yonakuni, Japan",6.7,2004-10-15 04:08:00.000,24.53,122.694,0.0,historical,,High
"Kainantu, Papua New Guinea",6.6,2012-03-21 22:15:00.000,-6.242,145.955,0.0,historical,,High
"Kandrian, Papua New Guinea",6.6,2010-12-02 03:12:00.000,-6.001,149.977,0.0,historical,,High
"Finschhafen, Papua New Guinea",6.5,2013-03-10 22:51:00.000,-6.598,148.174,0.0,historical,,High
"Port-Olry, Vanuatu",6.9,2021-08-18 10:10:00.000,-14.892,167.085,0.0,historical,,High
"Masachapa, Nicaragua",7.0,2004-10-09 21:26:00.000,11.422,-86.665,0.0,historical,,High
"Palora, Ecuador",7.5,2019-02-22 10:17:00.000,-2.1862,-77.0505,0.0,historical,,Very High
South Sandwich Islands region,7.5,2021-08-12 18:32:00.000,-57.5959,-25.1874,0.0,historical,,Very High
"Linqiong, China",6.6,2013-04-20 00:02:00.000,30.308,102.888,0.0,historical,,High
"Gizo, Solomon Islands",6.5,2015-08-12 18:49:00.000,-9.3293,157.877,0.0,historical,,High
"Searles Valley, CA",7.1,2019-07-06 03:19:00.000,35.7695,-117.599,0.0,historical,,High
"Achanizo, Peru",6.6,2001-07-05 13:53:00.000,-16.086,-73.987,0.0,historical,,High
,7.0,2022-11-12 07:09:00.000,-20.0508,-178.346,0.0,historical,,High
"Constitución, Chile",6.7,2019-09-29 15:57:00.000,-35.4758,-73.163,0.0,historical,,High
"Namie, Japan",6.9,2008-07-19 02:39:00.000,37.55,142.714,0.0,historical,,High
"Panguna, Papua New Guinea",6.8,2013-10-16 10:30:00.000,-6.4456,154.931,0.0,historical,,High
"Kýthira, Greece",6.7,2006-01-08 11:34:00.000,36.311,23.212,0.0,historical,,High
"Perryville, Alaska",8.2,2021-07-29 06:15:00.000,55.4742,-157.917,0.0,historical,,Very High
"Manokwari, Indonesia",7.4,2009-01-03 22:33:00.000,-0.691,133.305,0.0,historical,,High
"Illapel, Chile",8.3,2015-09-16 22:54:00.000,-31.5729,-71.6744,0.0,historical,,Very High
"Pedro Bay, Alaska",7.1,2016-01-24 10:30:00.000,59.6204,-153.339,0.0,historical,,High
"Bharatpur, Nepal",6.6,2015-04-25 06:45:00.000,28.2244,84.8216,0.0,historical,,High
"Tachilek, Myanmar",6.9,2011-03-24 13:55:00.000,20.687,99.822,0.0,historical,,High
"Kokopo, Papua New Guinea",6.7,2015-04-30 10:45:00.000,-5.375,151.771,0.0,historical,,High
Fiji region,6.9,2016-09-24 21:28:00.000,-19.7819,-178.244,0.0,historical,,High
"Miyako, Japan",6.7,2015-02-16 23:06:00.000,39.8558,142.881,0.0,historical,,High
"Tianpeng, China",7.9,2008-05-12 06:28:00.000,31.002,103.322,0.0,historical,,Very High
"Panguna, Papua New Guinea",6.6,2013-04-14 01:32:00.000,-6.475,154.607,0.0,historical,,High
"Mata-Utu, Wallis and Futuna",6.7,2014-06-29 17:15:00.000,-14.9831,-175.51,0.0,historical,,High
"Coquimbo, Chile",6.6,2013-10-31 23:03:00.000,-30.2921,-71.5215,0.0,historical,,High
"Padang, Indonesia",6.5,2005-04-10 11:14:00.000,-1.714,99.779,0.0,historical,,High
"Turt, Mongolia",6.7,2021-01-11 21:32:00.000,51.2407,100.443,0.0,historical,,High
"San Luis, Mexico",7.0,2012-04-12 07:15:00.000,28.696,-113.104,0.0,historical,,High
"Perryville, Alaska",6.9,2021-08-14 11:57:00.000,55.2657,-157.68,0.0,historical,,High
"Tadine, New Caledonia",6.5,2018-10-16 01:03:00.000,-21.7427,169.522,0.0,historical,,High
"Punta de Bombón, Peru",7.6,2001-07-07 09:38:00.000,-17.543,-72.077,0.0,historical,,Very High
"Port-Vila, Vanuatu",7.2,2011-08-20 16:55:00.000,-18.365,168.143,0.0,historical,,High
"Malango, Solomon Islands",6.6,2015-08-10 04:12:00.000,-9.3438,158.053,0.0,historical,,High
"Bengkulu, Indonesia",6.8,2010-03-05 16:07:00.000,-3.762,100.991,0.0,historical,,High
"Ishinomaki, Japan",7.0,2021-03-20 09:09:00.000,38.4752,141.607,0.0,historical,,High
"Ishinomaki, Japan",7.2,2005-08-16 02:46:00.000,38.276,142.039,0.0,historical,,High
"New Britain region, Papua New Guinea",7.3,2010-07-18 13:34:00.000,-5.931,150.59,0.0,historical,,High
"Obihiro, Japan",6.9,2013-02-02 14:17:00.000,42.77,143.092,0.0,historical,,High
"Ozernovskiy, Russia",6.9,2013-02-28 14:05:00.000,50.954,157.283,0.0,historical,,High
"Dompu, Indonesia",6.5,2007-11-25 16:02:00.000,-8.292,118.37,0.0,historical,,High
Kermadec Islands region,6.5,2021-03-04 23:12:00.000,-28.4792,-176.619,0.0,historical,,High
"Kimbe, Papua New Guinea",7.0,2010-08-04 22:01:00.000,-5.746,150.765,0.0,historical,,High
"Bonin Islands, Japan region",7.8,2015-05-30 11:23:00.000,27.8386,140.493,0.0,historical,,Very High
"Rabaul, Papua New Guinea",6.8,2016-08-31 03:11:00.000,-3.6849,152.792,0.0,historical,,High
"Yujing, Taiwan",6.9,2022-09-18 06:44:00.000,23.1444,121.307,0.0,historical,,High
"Cañete, Chile",6.6,2004-05-03 04:36:00.000,-37.695,-73.406,0.0,historical,,High
"Hengchun, Taiwan",7.1,2006-12-26 12:26:00.000,21.799,120.547,0.0,historical,,High
"Poso, Indonesia",6.6,2017-05-29 14:35:00.000,-1.2923,120.431,0.0,historical,,High
central Mid-Atlantic Ridge,6.9,2020-09-18 21:43:00.000,0.9604,-26.8332,0.0,historical,,High
"Kimbe, Papua New Guinea",6.6,2006-11-07 17:38:00.000,-6.482,151.195,0.0,historical,,High
"Mil’kovo, Russia",7.2,2016-01-30 03:25:00.000,53.9776,158.546,0.0,historical,,High
"Hualien City, Taiwan",7.1,2002-03-31 06:52:00.000,24.279,122.179,0.0,historical,,High
"Ambon, Indonesia",6.5,2001-03-19 05:52:00.000,-4.029,128.02,0.0,historical,,High
"Sungai Penuh, Indonesia",7.8,2010-10-25 14:42:00.000,-3.487,100.082,0.0,historical,,Very High
"Etchoropo, Mexico",6.6,2013-10-19 17:54:00.000,26.0913,-110.321,0.0,historical,,High
"Sinabang, Indonesia",7.4,2002-11-02 01:26:00.000,2.824,96.085,0.0,historical,,High
Vanuatu region,6.9,2021-10-09 10:58:00.000,-21.1704,174.54,0.0,historical,,High
"Kokopo, Papua New Guinea",6.8,2007-09-26 12:36:00.000,-4.99,153.5,0.0,historical,,High
"Rengasdengklok, Indonesia",7.5,2007-08-08 17:05:00.000,-5.859,107.419,0.0,historical,,Very High
"Matzaco, Mexico",7.1,2017-09-19 18:14:00.000,18.5499,-98.4887,0.0,historical,,High
"Sabang, Indonesia",7.2,2004-12-26 04:21:00.000,6.91,92.958,0.0,historical,,High
"Sumatra, Indonesia",7.8,2016-03-02 12:49:00.000,-4.9521,94.3299,0.0,historical,,Very High
"Naisano Dua, Indonesia",6.7,2004-04-23 01:50:00.000,-9.362,122.839,0.0,historical,,High
"Labuan, Indonesia",6.9,2019-08-02 12:03:00.000,-7.2822,104.791,0.0,historical,,High
"Aguililla, Mexico",7.6,2022-09-19 18:05:00.000,18.3667,-103.252,0.0,historical,,Very High
Ecuador,7.1,2010-08-12 11:54:00.000,-1.266,-77.306,0.0,historical,,High
"Mindanao, Philippines",6.8,2001-01-01 08:54:00.000,6.631,126.899,0.0,historical,,High
"Malango, Solomon Islands",6.8,2001-12-23 22:52:00.000,-9.613,159.53,0.0,historical,,High
"Lata, Solomon Islands",6.8,2015-05-20 22:48:00.000,-10.8759,164.169,0.0,historical,,High
South Sandwich Islands region,6.9,2021-08-16 11:10:00.000,-58.3814,-23.3318,0.0,historical,,High
"Pariaman, Indonesia",7.6,2009-09-30 10:16:00.000,-0.72,99.867,0.0,historical,,Very High
"Yujing, Taiwan",6.8,2003-12-10 04:38:00.000,23.039,121.362,0.0,historical,,High
"Lata, Solomon Islands",6.8,2013-02-08 11:12:00.000,-10.838,165.969,0.0,historical,,High
"Blenheim, New Zealand",6.5,2016-11-13 11:32:00.000,-42.3205,173.669,0.0,historical,,High
"Haveluloto, Tonga",6.5,2021-04-25 22:28:00.000,-21.6857,-177.064,0.0,historical,,High
the Fiji Islands,6.9,2017-02-24 17:28:00.000,-23.2593,-178.804,0.0,historical,,High
"Kirakira, Solomon Islands",6.7,2010-06-26 05:30:00.000,-10.627,161.447,0.0,historical,,High
"Preci, Italy",6.6,2016-10-30 06:40:00.000,42.8621,13.0961,0.0,historical,,High
"Tual, Indonesia",6.6,2012-10-12 00:31:00.000,-4.892,134.03,0.0,historical,,High
"Barranca, Peru",7.5,2021-11-28 10:52:00.000,-4.4898,-76.8461,0.0,historical,,Very High
"Puerto Madero, Mexico",6.7,2019-02-01 16:14:00.000,14.6802,-92.4527,0.0,historical,,High
"Bengkulu, Indonesia",6.9,2020-08-18 22:29:00.000,-4.2791,101.215,0.0,historical,,High
"Monte Patria, Chile",6.6,2002-06-18 13:56:00.000,-30.805,-71.124,0.0,historical,,High
Costa Rica,6.5,2012-10-24 00:45:00.000,10.086,-85.298,0.0,historical,,High
"Chiniak, Alaska",7.9,2018-01-23 09:31:00.000,56.0039,-149.166,0.0,historical,,Very High
"Panguna, Papua New Guinea",7.1,2015-05-07 07:10:00.000,-7.2175,154.557,0.0,historical,,High
"Bonin Islands, Japan region",6.5,2015-06-23 12:18:00.000,27.7375,139.725,0.0,historical,,High
"Biak, Indonesia",7.0,2010-06-16 03:16:00.000,-2.174,136.543,0.0,historical,,High
"Manokwari, Indonesia",6.5,2004-07-28 03:56:00.000,-0.443,133.091,0.0,historical,,High
"Yurimaguas, Peru",7.5,2005-09-26 01:55:00.000,-5.678,-76.398,0.0,historical,,Very High
"L'Esperance Rock, New Zealand",7.3,2019-06-15 22:55:00.000,-30.6441,-178.1,0.0,historical,,High
"Kimbe, Papua New Guinea",6.9,2010-07-18 13:04:00.000,-5.966,150.428,0.0,historical,,High
Flores Sea,7.3,2021-12-14 03:20:00.000,-7.6033,122.2,0.0,historical,,High
"Nikolski, Alaska",6.6,2022-01-11 12:39:00.000,52.6252,-168.15,0.0,historical,,High
South Sandwich Islands region,6.5,2017-05-10 23:23:00.000,-56.414,-25.7432,0.0,historical,,High
"Chipinge, Zimbabwe",7.0,2006-02-22 22:19:00.000,-21.324,33.583,0.0,historical,,High
"Port-Olry, Vanuatu",6.8,2017-05-09 13:52:00.000,-14.5884,167.377,0.0,historical,,High
"Nabire, Indonesia",7.1,2004-11-26 02:25:00.000,-3.609,135.404,0.0,historical,,High
"Tomé, Chile",6.9,2011-02-11 20:05:00.000,-36.422,-72.96,0.0,historical,,High
"Santiago Llano Grande, Mexico",7.4,2012-03-20 18:02:00.000,16.493,-98.231,0.0,historical,,High
"Hasaki, Japan",6.9,2008-05-07 16:45:00.000,36.164,141.526,0.0,historical,,High
"Jimalalud, Philippines",6.7,2012-02-06 03:49:00.000,9.999,123.206,0.0,historical,,High
"Parrita, Costa Rica",6.5,2017-11-13 02:28:00.000,9.5147,-84.4865,0.0,historical,,High
"Coquimbo, Chile",6.9,2015-11-11 02:46:00.000,-29.5097,-72.0585,0.0,historical,,High
"Izu Islands, Japan region",6.5,2013-09-04 00:18:00.000,29.9377,138.833,0.0,historical,,High
"San Agustín, Colombia",7.3,2012-09-30 16:31:00.000,1.929,-76.362,0.0,historical,,High
"Néon Karlovásion, Greece",7.0,2020-10-30 11:51:00.000,37.8973,26.7953,0.0,historical,,High
"Lucea, Jamaica",7.7,2020-01-28 19:10:00.000,19.4193,-78.756,0.0,historical,,Very High
"Port-Olry, Vanuatu",7.1,2015-10-20 21:52:00.000,-14.8595,167.303,0.0,historical,,High
S,6.7,2007-02-20 08:04:00.000,-1.034,126.976,0.0,historical,,High
"Ashk?sham, Afghanistan",6.5,2005-12-12 21:47:00.000,36.357,71.093,0.0,historical,,High
"Gisborne, New Zealand",6.6,2007-12-20 07:55:00.000,-39.011,178.291,0.0,historical,,High
"Gisborne, New Zealand",7.0,2016-09-01 16:37:00.000,-37.3586,179.146,0.0,historical,,High
"Sungai Penuh, Indonesia",6.6,2016-06-01 22:56:00.000,-2.0967,100.665,0.0,historical,,High
"Vernon, Canada",6.5,2014-04-24 03:10:00.000,49.6388,-127.732,0.0,historical,,High
"Ndoi Island, Fiji",6.5,2019-11-08 10:44:00.000,-21.9449,-179.511,0.0,historical,,High
"Tomé, Chile",6.7,2010-03-16 02:21:00.000,-36.217,-73.257,0.0,historical,,High
"Tadine, New Caledonia",7.0,2017-11-19 22:43:00.000,-21.3246,168.671,0.0,historical,,High
"Bharatpur, Nepal",7.8,2015-04-25 06:11:00.000,28.2305,84.7314,0.0,historical,,Very High
,6.9,2021-05-01 01:27:00.000,38.2296,141.665,0.0,historical,,High
"Mawu, China",6.5,2017-08-08 13:19:00.000,33.1926,103.855,0.0,historical,,High
"Ojiya, Japan",6.6,2004-10-23 08:56:00.000,37.226,138.779,0.0,historical,,High
"Inarajan Village, Guam",7.0,2001-10-12 15:02:00.000,12.686,144.98,0.0,historical,,High
"Kainantu, Papua New Guinea",7.6,2022-09-10 23:47:00.000,-6.2237,146.471,0.0,historical,,Very High
"Columbio, Philippines",6.6,2019-10-29 01:04:00.000,6.7567,125.008,0.0,historical,,High
"Levuka, Fiji",8.2,2018-08-19 00:19:00.000,-18.1125,-178.153,0.0,historical,,Very High
"Sola, Vanuatu",6.7,2012-12-21 22:28:00.000,-14.344,167.286,0.0,historical,,High
"Labuan Bajo, Indonesia",6.5,2018-08-17 15:35:00.000,-7.3718,119.802,0.0,historical,,High
"Lim-oo, Philippines",6.5,2017-07-06 08:03:00.000,11.1269,124.629,0.0,historical,,High
"Obihiro, Japan",6.8,2008-09-11 00:20:00.000,41.892,143.754,0.0,historical,,High
Kermadec Islands region,7.6,2011-07-06 19:03:00.000,-29.539,-176.34,0.0,historical,,Very High
the Fiji Islands,6.8,2022-11-09 09:38:00.000,-25.9678,178.363,0.0,historical,,High
"Santa María Xadani, Mexico",7.4,2020-06-23 15:29:00.000,15.9163,-95.9533,0.0,historical,,High
"Maebaru-ch??, Japan",6.6,2005-03-20 01:53:00.000,33.807,130.131,0.0,historical,,High
"Biak, Indonesia",6.6,2010-06-16 03:58:00.000,-2.329,136.484,0.0,historical,,High
"Kokopo, Papua New Guinea",6.8,2003-03-11 07:27:00.000,-4.694,153.238,0.0,historical,,High
"Tari, Papua New Guinea",6.7,2018-03-06 14:13:00.000,-6.3043,142.612,0.0,historical,,High
"Hotan, China",7.2,2008-03-20 22:32:00.000,35.49,81.467,0.0,historical,,High
"Guanaja, Honduras",7.3,2009-05-28 08:24:00.000,16.731,-86.217,0.0,historical,,High
"Bela, Pakistan",7.7,2013-09-24 11:29:00.000,26.951,65.5009,0.0,historical,,Very High
"Nemuro, Japan",7.0,2004-11-28 18:32:00.000,43.006,145.119,0.0,historical,,High
the Fiji Islands,7.0,2022-11-09 09:51:00.000,-26.0442,178.381,0.0,historical,,High
"Sola, Vanuatu",7.8,2009-10-07 22:18:00.000,-12.517,166.382,0.0,historical,,Very High
"Manuel Ávila Camacho (Ponte Duro), Mexico",6.6,2015-12-17 19:49:00.000,15.8015,-93.633,0.0,historical,,High
"Nago, Japan",6.5,2014-03-02 20:11:00.000,27.4312,127.367,0.0,historical,,High
"Ozernovskiy, Russia",6.7,2018-10-13 11:10:00.000,52.8549,153.243,0.0,historical,,High
"Singkil, Indonesia",8.6,2005-03-28 16:09:00.000,2.085,97.108,0.0,historical,,Very High
"Port-Vila, Vanuatu",7.1,2011-08-20 18:19:00.000,-18.311,168.218,0.0,historical,,High
"Kairatu, Indonesia",6.5,2019-09-25 23:46:00.000,-3.4528,128.37,0.0,historical,,High
"Tilichiki, Russia",6.6,2006-05-22 11:12:00.000,60.772,165.743,0.0,historical,,High
"General Pascual Fentes, Mexico",6.5,2008-02-12 12:50:00.000,16.357,-94.304,0.0,historical,,High
"Nicobar Islands, India region",6.6,2015-11-08 16:47:00.000,6.8431,94.648,0.0,historical,,High
"Panguna, Papua New Guinea",6.7,2001-04-19 21:43:00.000,-7.41,155.865,0.0,historical,,High
"Barra Patuca, Honduras",7.5,2018-01-10 02:51:00.000,17.4825,-83.52,0.0,historical,,Very High
"Pamanukan, Indonesia",6.6,2016-10-19 00:26:00.000,-4.8626,108.163,0.0,historical,,High
"Ternate, Indonesia",6.8,2014-11-26 14:33:00.000,1.9604,126.575,0.0,historical,,High
Okhotsk,8.3,2013-05-24 05:44:00.000,54.892,153.221,0.0,historical,,Very High
"Labuan Lombok, Indonesia",6.9,2018-08-05 11:46:00.000,-8.2581,116.438,0.0,historical,,High
"Severo-Kuril’sk, Russia",6.5,2018-10-10 23:16:00.000,49.2902,156.297,0.0,historical,,High
"Atico, Peru",8.4,2001-06-23 20:33:00.000,-16.265,-73.641,0.0,historical,,Very High
"Sola, Vanuatu",6.8,2009-10-08 08:28:00.000,-13.298,165.91,0.0,historical,,High
"Namie, Japan",7.0,2008-07-19 02:39:00.000,37.552,142.214,0.0,historical,,High
"Isangel, Vanuatu",7.1,2007-03-25 00:40:00.000,-20.617,169.357,0.0,historical,,High
"Kokopo, Papua New Guinea",6.6,2005-09-29 15:50:00.000,-5.437,151.84,0.0,historical,,High
"Copiapó, Chile",6.7,2002-04-18 16:08:00.000,-27.535,-70.586,0.0,historical,,High
"San Antonio de los Cobres, Argentina",6.8,2022-05-10 23:06:00.000,-23.6141,-66.7236,0.0,historical,,High
"Sungai Penuh, Indonesia",7.9,2007-09-12 23:49:00.000,-2.625,100.841,0.0,historical,,Very High
"Acapulco, Mexico",7.0,2021-09-08 01:47:00.000,16.9502,-99.7877,0.0,historical,,High
"Cuyutlán, Mexico",7.6,2003-01-22 02:06:00.000,18.77,-104.104,0.0,historical,,Very High
"Hindu Kush region, Afghanistan",7.5,2015-10-26 09:09:00.000,36.5244,70.3676,0.0,historical,,Very High
"Talisay, Philippines",6.5,2004-10-08 14:36:00.000,13.925,120.534,0.0,historical,,High
"Kendari, Indonesia",7.5,2001-10-19 03:28:00.000,-4.102,123.907,0.0,historical,,Very High
"Southern Qinghai, China",7.3,2021-05-21 18:04:00.000,34.5861,98.2551,0.0,historical,,High
"Pagan region, Northern Mariana Islands",7.7,2016-07-29 21:18:00.000,18.5429,145.507,0.0,historical,,Very High
"Port McNeill, Canada",6.5,2018-10-22 06:22:00.000,49.297,-129.724,0.0,historical,,High
"Malango, Solomon Islands",6.7,2015-07-10 04:12:00.000,-9.307,158.403,0.0,historical,,High
"Tadine, New Caledonia",6.6,2017-11-19 15:09:00.000,-21.5027,168.598,0.0,historical,,High
"Panguna, Papua New Guinea",7.1,2014-04-11 07:07:00.000,-6.5858,155.048,0.0,historical,,High
"Te Anau, New Zealand",7.8,2009-07-15 09:22:00.000,-45.762,166.562,0.0,historical,,Very High
"Iñapari, Peru",7.6,2015-11-24 22:45:00.000,-10.5372,-70.9437,0.0,historical,,Very High
"Coyuquilla Norte, Mexico",7.2,2014-04-18 14:27:00.000,17.397,-100.972,0.0,historical,,High
"Puerto San José, Guatemala",6.5,2003-01-21 02:46:00.000,13.626,-90.774,0.0,historical,,High
"Atiquipa, Peru",7.1,2013-09-25 16:42:00.000,-15.8385,-74.5112,0.0,historical,,High
"Bitung, Indonesia",7.1,2019-11-14 16:17:00.000,1.6213,126.416,0.0,historical,,High
"Pacocha, Peru",6.7,2001-06-26 04:18:00.000,-17.745,-71.649,0.0,historical,,High
"Iñapari, Peru",7.6,2015-11-24 22:50:00.000,-10.0598,-71.0184,0.0,historical,,Very High
"Puerto El Triunfo, El Salvador",6.9,2016-11-24 18:43:00.000,11.9097,-88.8968,0.0,historical,,High
"Kisante, Philippines",6.5,2019-10-31 01:11:00.000,6.9098,125.178,0.0,historical,,High
the Loyalty Islands,7.2,2016-08-12 01:26:00.000,-22.4765,173.117,0.0,historical,,High
"Sola, Vanuatu",7.4,2009-10-07 23:13:00.000,-13.093,166.497,0.0,historical,,High
"Ndoi Island, Fiji",6.6,2019-09-01 15:54:00.000,-20.3641,-178.57,0.0,historical,,High
off the west coast of northern Sumatra,8.2,2012-04-11 10:43:00.000,0.802,92.463,0.0,historical,,Very High
"Miyako, Japan",6.7,2011-06-22 21:50:00.000,39.955,142.205,0.0,historical,,High
"Skýros, Greece",6.5,2001-07-26 00:21:00.000,39.059,24.244,0.0,historical,,High
Fiji region,6.9,2014-07-21 14:54:00.000,-19.8015,-178.4,0.0,historical,,High
"Manokwari, Indonesia",7.7,2009-01-03 19:43:00.000,-0.414,132.885,0.0,historical,,Very High
"Nikolski, Alaska",6.8,2022-01-11 11:35:00.000,52.6563,-167.917,0.0,historical,,High
"Topolobampo, Mexico",6.7,2015-09-13 08:14:00.000,24.913,-109.623,0.0,historical,,High
"Hualien City, Taiwan",6.7,2022-03-22 17:41:00.000,23.3421,121.636,0.0,historical,,High
"Dellys, Algeria",6.8,2003-05-21 18:44:00.000,36.964,3.634,0.0,historical,,High
"Kirakira, Solomon Islands",7.8,2016-12-08 17:38:00.000,-10.6812,161.327,0.0,historical,,Very High
"Komandorskiye Ostrova, Russia region",7.7,2017-07-17 23:34:00.000,54.4434,168.857,0.0,historical,,Very High
"Kimbe, Papua New Guinea",6.6,2003-11-25 20:19:00.000,-5.581,150.88,0.0,historical,,High
"Gisborne, New Zealand",6.7,2014-11-16 22:33:00.000,-37.6478,179.662,0.0,historical,,High
"Gisborne, New Zealand",7.3,2021-03-04 13:27:00.000,-37.596,179.544,0.0,historical,,High
"Meulaboh, Indonesia",7.2,2010-05-09 05:59:00.000,3.748,96.018,0.0,historical,,High
"Wé, New Caledonia",6.8,2011-05-10 08:55:00.000,-20.244,168.226,0.0,historical,,High
"Pondaguitan, Philippines",7.0,2018-12-29 03:39:00.000,5.8983,126.921,0.0,historical,,High
"Katabu, Indonesia",6.9,2020-08-21 04:09:00.000,-6.6704,123.493,0.0,historical,,High
"Ust’-Kamchatsk Staryy, Russia",6.6,2021-03-16 18:38:00.000,54.7018,163.208,0.0,historical,,High
"Tari, Papua New Guinea",7.5,2018-02-25 17:44:00.000,-6.0699,142.754,0.0,historical,,Very High
"Illapel, Chile",6.5,2015-09-17 03:55:00.000,-31.4244,-71.6876,0.0,historical,,High
"Azángaro, Peru",7.0,2019-03-01 08:50:00.000,-14.7131,-70.1546,0.0,historical,,High
"Lebu, Chile",7.4,2010-02-27 08:01:00.000,-37.773,-75.048,0.0,historical,,High
"Lata, Solomon Islands",6.6,2013-02-09 21:02:00.000,-10.994,165.741,0.0,historical,,High
"Puerto El Triunfo, El Salvador",7.3,2012-08-27 04:37:00.000,12.139,-88.59,0.0,historical,,High
"Ternate, Indonesia",7.5,2007-01-21 11:27:00.000,1.065,126.282,0.0,historical,,Very High
"Contamana, Peru",7.0,2011-08-24 17:46:00.000,-7.641,-74.525,0.0,historical,,High
"Isangel, Vanuatu",7.3,2008-04-09 12:46:00.000,-20.071,168.892,0.0,historical,,High
"Sola, Vanuatu",6.5,2010-03-04 14:02:00.000,-13.571,167.227,0.0,historical,,High
"Iquique, Chile",8.2,2014-04-01 23:46:00.000,-19.6097,-70.7691,0.0,historical,,Very High
"El Habillal, Mexico",6.5,2012-04-11 22:55:00.000,18.229,-102.689,0.0,historical,,High
"Tadine, New Caledonia",7.1,2018-08-29 03:51:00.000,-22.0295,170.126,0.0,historical,,High
"Matavai, Samoa",8.1,2009-09-29 17:48:00.000,-15.489,-172.095,0.0,historical,,Very High
"San Juan del Sur, Nicaragua",6.6,2005-07-02 02:16:00.000,11.245,-86.172,0.0,historical,,High
"Hirara, Japan",6.6,2021-11-10 15:45:00.000,23.5414,126.48,0.0,historical,,High
"Isangel, Vanuatu",6.6,2014-05-01 06:36:00.000,-21.4542,170.355,0.0,historical,,High
"Aitape, Papua New Guinea",6.7,2002-01-10 11:14:00.000,-3.212,142.427,0.0,historical,,High
"Panguna, Papua New Guinea",6.6,2007-04-01 20:47:00.000,-7.169,155.777,0.0,historical,,High
"Auckland Islands, New Zealand region",6.6,2017-07-11 07:00:00.000,-49.4837,164.016,0.0,historical,,High
"Chitose, Japan",6.6,2018-09-05 18:07:00.000,42.6861,141.929,0.0,historical,,High
"Attu Station, Alaska",6.8,2017-06-02 22:24:00.000,54.0312,170.92,0.0,historical,,High
the Kermadec Islands,7.4,2020-06-18 12:49:00.000,-33.2938,-177.838,0.0,historical,,High
"Labuan, Indonesia",6.6,2022-01-14 09:05:00.000,-6.9291,105.251,0.0,historical,,High
"Kermadec Islands, New Zealand",6.7,2014-06-23 20:06:00.000,-29.9414,-177.607,0.0,historical,,High
"Ishinomaki, Japan",7.0,2003-10-31 01:06:00.000,37.812,142.619,0.0,historical,,High
"Sola, Vanuatu",7.7,2009-10-07 22:03:00.000,-13.006,166.51,0.0,historical,,Very High
"Singkil, Indonesia",6.9,2005-05-19 01:54:00.000,1.989,97.041,0.0,historical,,High
"Rabaul, Papua New Guinea",6.5,2003-07-15 18:46:00.000,-3.828,152.174,0.0,historical,,High
"Vallenar, Chile",6.8,2013-01-30 20:15:00.000,-28.094,-70.653,0.0,historical,,High
Micronesia region,6.9,2014-08-03 00:22:00.000,0.8295,146.169,0.0,historical,,High
"Kokopo, Papua New Guinea",7.9,2016-12-17 10:51:00.000,-4.5049,153.522,0.0,historical,,Very High
"Gizo, Solomon Islands",8.1,2007-04-01 20:39:00.000,-8.466,157.043,0.0,historical,,Very High
South Sandwich Islands region,7.1,2018-12-11 02:26:00.000,-58.5446,-26.3856,0.0,historical,,High
Vanuatu region,7.3,2021-10-02 06:29:00.000,-21.1036,174.895,0.0,historical,,High
"Lata, Solomon Islands",7.0,2013-02-06 01:54:00.000,-10.499,165.588,0.0,historical,,High
"Panguna, Papua New Guinea",6.8,2006-09-01 10:18:00.000,-6.759,155.512,0.0,historical,,High
Fiji region,7.1,2014-11-01 18:57:00.000,-19.6903,-177.759,0.0,historical,,High
northern Mid-Atlantic Ridge,6.6,2013-06-24 22:04:00.000,10.701,-42.594,0.0,historical,,High
"Perryville, Alaska",8.2,2021-07-29 06:15:00.000,55.3154,-157.829,0.0,historical,,Very High
"Nicobar Islands, India region",7.2,2005-07-24 15:42:00.000,7.92,92.19,0.0,historical,,High
"Kermadec Islands, New Zealand",6.6,2022-03-02 12:52:00.000,-30.0528,-177.74,0.0,historical,,High
Banda Sea,6.8,2020-05-06 13:53:00.000,-6.7762,129.785,0.0,historical,,High
"Macas, Ecuador",6.8,2007-11-16 03:13:00.000,-2.312,-77.838,0.0,historical,,High
"Puerto Madero, Mexico",6.9,2014-07-07 11:23:00.000,14.724,-92.4614,0.0,historical,,High
"Masachapa, Nicaragua",6.6,2022-04-21 07:42:00.000,11.5538,-86.9919,0.0,historical,,High
"Illapel, Chile",6.6,2015-09-21 17:40:00.000,-31.7275,-71.3792,0.0,historical,,High
South Sandwich Islands region,6.9,2014-06-29 07:52:00.000,-55.4703,-28.3669,0.0,historical,,High
the Kermadec Islands,6.5,2014-02-02 09:26:00.000,-32.9076,-177.881,0.0,historical,,High
"Panguna, Papua New Guinea",6.5,2014-04-11 08:16:00.000,-6.7878,154.95,0.0,historical,,High
"Lata, Solomon Islands",7.0,2015-07-18 02:27:00.000,-10.4012,165.141,0.0,historical,,High
"Kermadec Islands, New Zealand",6.5,2021-06-20 17:05:00.000,-30.2144,-177.773,0.0,historical,,High
"Sola, Vanuatu",6.5,2014-01-01 16:03:00.000,-13.8633,167.249,0.0,historical,,High
"Sungai Penuh, Indonesia",7.8,2007-09-12 23:49:00.000,-2.52,100.139,0.0,historical,,Very High
"Kokopo, Papua New Guinea",7.5,2015-05-05 01:44:00.000,-5.4624,151.875,0.0,historical,,Very High
"Bengkulu, Indonesia",6.9,2001-01-16 13:25:00.000,-4.022,101.776,0.0,historical,,High
"Kamariótissa, Greece",6.9,2014-05-24 09:25:00.000,40.2893,25.3889,0.0,historical,,High
"Port-Vila, Vanuatu",6.6,2002-01-03 10:17:00.000,-17.664,168.004,0.0,historical,,High
"Abhar, Iran",6.5,2002-06-22 02:58:00.000,35.626,49.047,0.0,historical,,High
"San Simeon, California",6.5,2003-12-22 19:15:00.000,35.7005,-121.101,0.0,historical,,High
"Navarro, Peru",8.0,2019-05-26 07:41:00.000,-5.8119,-75.2697,0.0,historical,,Very High
"Sungai Penuh, Indonesia",6.5,2008-02-24 14:46:00.000,-2.405,99.931,0.0,historical,,High
"Bamboo Flat, India",6.5,2002-09-13 22:28:00.000,13.036,93.068,0.0,historical,,High
"Murghob, Tajikistan",6.6,2016-11-25 14:24:00.000,39.2732,73.9776,0.0,historical,,High
"Constitución, Chile",7.1,2012-03-25 22:37:00.000,-35.2,-72.217,0.0,historical,,High
"Port-Olry, Vanuatu",7.1,2001-01-09 16:49:00.000,-14.928,167.17,0.0,historical,,High
"Intipucá, El Salvador",7.3,2014-10-14 03:51:00.000,12.5262,-88.1225,0.0,historical,,High
"Padilla, Bolivia",6.5,2017-02-21 14:09:00.000,-19.2814,-63.9047,0.0,historical,,High
"La Cruz de Loreto, Mexico",6.6,2016-01-21 18:06:00.000,18.8239,-106.934,0.0,historical,,High
"Tobelo, Indonesia",6.6,2012-08-26 15:05:00.000,2.19,126.837,0.0,historical,,High
"Ovalle, Chile",6.8,2003-06-20 13:30:00.000,-30.608,-71.637,0.0,historical,,High
"Kirakira, Solomon Islands",6.9,2015-05-22 21:45:00.000,-11.0559,163.696,0.0,historical,,High
"Saryg-Sep, Russia",6.6,2011-12-27 15:21:00.000,51.842,95.911,0.0,historical,,High
"Puerto El Triunfo, El Salvador",7.7,2001-01-13 17:33:00.000,13.049,-88.66,0.0,historical,,Very High
"Hojancha, Costa Rica",7.6,2012-09-05 14:42:00.000,10.085,-85.315,0.0,historical,,Very High
"Kokhanok, Alaska",6.6,2001-07-28 07:32:00.000,58.775,-154.701,0.0,historical,,High
"?funato, Japan",6.8,2015-05-12 21:12:00.000,38.9056,142.032,0.0,historical,,High
"Kashiwazaki, Japan",6.6,2007-07-16 01:13:00.000,37.535,138.446,0.0,historical,,High
"Port McNeill, Canada",6.5,2018-10-22 05:39:00.000,49.2586,-129.412,0.0,historical,,High
Okhotsk,6.7,2013-10-01 03:38:00.000,53.1995,152.786,0.0,historical,,High
"Nanao, Japan",6.7,2007-03-25 00:41:00.000,37.336,136.588,0.0,historical,,High
"Coquimbo, Chile",6.9,2015-11-11 01:54:00.000,-29.5067,-72.0068,0.0,historical,,High
"Mizusawa, Japan",6.9,2008-06-13 23:43:00.000,39.03,140.881,0.0,historical,,High
"Bengkulu, Indonesia",6.8,2020-08-18 22:23:00.000,-4.3724,101.095,0.0,historical,,High
"Kokopo, Papua New Guinea",6.5,2012-07-28 20:03:00.000,-4.651,153.173,0.0,historical,,High
"Namie, Japan",7.1,2021-02-13 14:07:00.000,37.6856,141.992,0.0,historical,,High
"Neiafu, Tonga",6.6,2019-11-04 22:43:00.000,-18.5747,-175.272,0.0,historical,,High
"Carahue, Chile",7.2,2011-01-02 20:20:00.000,-38.355,-73.326,0.0,historical,,High
"Vallenar, Chile",6.8,2020-09-01 04:09:00.000,-28.013,-71.1958,0.0,historical,,High
"Katsuren-haebaru, Japan",7.0,2010-02-26 20:31:00.000,25.93,128.425,0.0,historical,,High
"Bantogon, Philippines",7.6,2010-07-23 22:51:00.000,6.497,123.48,0.0,historical,,Very High
"Nabire, Indonesia",6.7,2004-02-08 08:58:00.000,-3.665,135.339,0.0,historical,,High
"Leilani Estates, Hawaii",6.9,2018-05-04 22:32:00.000,19.3182,-155.0,0.0,historical,,High
"2011 Great Tohoku Earthquake, Japan",9.1,2011-03-11 05:46:00.000,38.297,142.373,0.0,historical,,Very High
"Kushiro, Japan",6.5,2003-09-29 02:36:00.000,42.45,144.38,0.0,historical,,High
"Madang, Papua New Guinea",6.5,2010-08-04 07:15:00.000,-5.486,146.822,0.0,historical,,High
"Namie, Japan",6.9,2016-11-21 20:59:00.000,37.3931,141.387,0.0,historical,,High
"Tual, Indonesia",6.9,2009-10-24 14:40:00.000,-6.133,130.385,0.0,historical,,High
"Gorontalo, Indonesia",7.4,2008-11-16 17:02:00.000,1.271,122.091,0.0,historical,,High
"Kimbe, Papua New Guinea",6.7,2018-03-26 09:51:00.000,-5.5024,151.402,0.0,historical,,High
"Ishikawa, Japan",6.6,2011-04-11 08:16:00.000,37.001,140.401,0.0,historical,,High
"Bamboo Flat, India",6.6,2008-06-27 11:40:00.000,11.005,91.824,0.0,historical,,High
"Methóni, Greece",6.9,2008-02-14 10:09:00.000,36.501,21.67,0.0,historical,,High
"Moijabana, Botswana",6.5,2017-04-03 17:40:00.000,-22.6784,25.1558,0.0,historical,,High
"Isangel, Vanuatu",7.0,2011-09-03 22:55:00.000,-20.671,169.716,0.0,historical,,High
"Port McNeill, Canada",6.8,2018-10-22 06:16:00.000,49.3346,-129.289,0.0,historical,,High
"Tocopilla, Chile",7.7,2007-11-14 15:40:00.000,-22.247,-69.89,0.0,historical,,Very High
"Dompu, Indonesia",6.5,2007-11-25 19:53:00.000,-8.224,118.467,0.0,historical,,High
"Kushiro, Japan",6.7,2003-10-08 09:06:00.000,42.648,144.57,0.0,historical,,High
"Kabanjahe, Indonesia",6.7,2011-09-05 17:55:00.000,2.965,97.893,0.0,historical,,High
"Jumla, Nepal",6.7,2008-08-25 13:21:00.000,30.901,83.52,0.0,historical,,High
"Rabaul, Papua New Guinea",6.5,2013-04-23 23:14:00.000,-3.898,152.127,0.0,historical,,High
"Tadine, New Caledonia",6.7,2017-10-31 00:42:00.000,-21.6971,169.148,0.0,historical,,High
"Point MacKenzie, Alaska",7.1,2018-11-30 17:29:00.000,61.3464,-149.955,0.0,historical,,High
2004 Sumatra - Andaman Islands Earthquake,9.1,2004-12-26 00:58:00.000,3.295,95.982,0.0,historical,,Very High
"Kermadec Islands, New Zealand",8.1,2021-03-04 19:28:00.000,-29.7466,-177.224,0.0,historical,,Very High
"Copiapó, Chile",6.5,2006-04-30 21:40:00.000,-27.211,-71.056,0.0,historical,,High
"Hihifo, Tonga",6.9,2006-09-28 06:22:00.000,-16.592,-172.033,0.0,historical,,High
"Aguililla, Mexico",6.8,2022-09-22 06:16:00.000,18.33,-102.913,0.0,historical,,High
"Sorong, Indonesia",6.6,2015-09-24 15:53:00.000,-0.6212,131.262,0.0,historical,,High
"Perryville, Alaska",6.9,2021-08-14 11:57:00.000,55.2364,-157.707,0.0,historical,,High
"Ba, Fiji",7.3,2009-11-09 10:44:00.000,-17.239,178.331,0.0,historical,,High
"Padangsidempuan, Indonesia",6.7,2005-05-14 05:05:00.000,0.587,98.459,0.0,historical,,High
"Pondaguitan, Philippines",7.1,2021-08-11 17:46:00.000,6.4547,126.742,0.0,historical,,High
"Hukay, Philippines",6.7,2021-07-23 20:48:00.000,13.6989,120.713,0.0,historical,,High
"Levuka, Fiji",6.8,2018-11-18 20:25:00.000,-17.8735,-178.927,0.0,historical,,High
"Monte Cristo Range, NV Earthquake",6.5,2020-05-15 11:03:00.000,38.1689,-117.85,0.0,historical,,High
"San Pedro de Atacama, Chile",6.8,2005-11-17 19:26:00.000,-22.361,-67.895,0.0,historical,,High
"Muisne, Ecuador",6.7,2016-05-18 07:57:00.000,0.4261,-79.7899,0.0,historical,,High
"Naze, Japan",6.6,2020-06-13 15:51:00.000,28.9386,128.262,0.0,historical,,High
"Tarauaca, Brazil",6.8,2019-01-05 19:25:00.000,-8.144,-71.587,0.0,historical,,High
"Saumlaki, Indonesia",7.3,2019-06-24 02:53:00.000,-6.4078,129.169,0.0,historical,,High
"Hengchun, Taiwan",6.9,2006-12-26 12:34:00.000,21.974,120.493,0.0,historical,,High
"Singkil, Indonesia",6.7,2005-07-05 01:52:00.000,1.819,97.082,0.0,historical,,High
"Azángaro, Peru",7.2,2022-05-26 12:02:00.000,-14.8628,-70.3081,0.0,historical,,High
"Angoram, Papua New Guinea",6.5,2017-11-07 21:26:00.000,-4.2433,143.485,0.0,historical,,High
"Kirakira, Solomon Islands",6.8,2011-04-23 04:16:00.000,-10.375,161.2,0.0,historical,,High
"San Vicente de Cañete, Peru",8.0,2007-08-15 23:40:00.000,-13.386,-76.603,0.0,historical,,Very High
"Namie, Japan",7.3,2022-03-16 14:36:00.000,37.7015,141.587,0.0,historical,,High
"Santa Cruz, Chile",7.0,2010-03-11 14:55:00.000,-34.326,-71.799,0.0,historical,,High
"Van, Turkey",7.1,2011-10-23 10:41:00.000,38.721,43.508,0.0,historical,,High
"Magsaysay, Philippines",6.8,2019-12-15 06:11:00.000,6.6969,125.174,0.0,historical,,High
"Kimbe, Papua New Guinea",6.9,2018-03-29 21:25:00.000,-5.5321,151.5,0.0,historical,,High
"Can-Avid, Philippines",6.5,2003-11-18 17:14:00.000,12.025,125.416,0.0,historical,,High
"Bam, Iran",6.7,2010-12-20 18:41:00.000,28.412,59.18,0.0,historical,,High
"Tarauacá, Brazil",6.7,2015-11-26 05:45:00.000,-9.1825,-71.2574,0.0,historical,,High
"Miyako, Japan",6.7,2011-09-16 19:26:00.000,40.273,142.779,0.0,historical,,High
"Bengkulu, Indonesia",8.4,2007-09-12 11:10:00.000,-4.438,101.367,0.0,historical,,Very High
"Angoram, Papua New Guinea",6.6,2011-07-31 23:38:00.000,-3.518,144.828,0.0,historical,,High
"Kokopo, Papua New Guinea",7.3,2013-07-07 18:35:00.000,-3.917,153.927,0.0,historical,,High
"Brisas Barra de Suchiate, Mexico",6.7,2008-10-16 19:41:00.000,14.423,-92.364,0.0,historical,,High
"Ambon, Indonesia",6.7,2006-03-14 06:57:00.000,-3.595,127.214,0.0,historical,,High
"Lospalos, Timor Leste",7.3,2021-12-29 18:25:00.000,-7.5924,127.581,0.0,historical,,High
,6.9,2016-05-28 05:38:00.000,-21.9724,-178.204,0.0,historical,,High
"Punta de Burica, Panama",6.6,2014-12-08 08:54:00.000,7.9401,-82.6865,0.0,historical,,High
"Ruteng, Indonesia",6.5,2003-03-25 02:53:00.000,-8.294,120.743,0.0,historical,,High
"?alabja, Iraq",7.3,2017-11-12 18:18:00.000,34.9109,45.9592,0.0,historical,,High
"Iquique, Chile",6.7,2014-03-16 21:16:00.000,-19.9807,-70.7022,0.0,historical,,High
"Champerico, Guatemala",6.5,2012-11-11 22:14:00.000,14.129,-92.164,0.0,historical,,High
"Lugu, Taiwan",6.5,2022-09-17 13:41:00.000,23.029,121.348,0.0,historical,,High
"Manokwari, Indonesia",7.6,2002-10-10 10:50:00.000,-1.757,134.297,0.0,historical,,Very High
"Sungai Penuh, Indonesia",6.6,2009-10-01 01:52:00.000,-2.482,101.524,0.0,historical,,High
"Namie, Japan",6.5,2010-03-14 08:08:00.000,37.745,141.59,0.0,historical,,High
"Illapel, Chile",7.0,2015-09-16 23:18:00.000,-31.5622,-71.4262,0.0,historical,,High
"Ferndale, California",6.6,2016-12-08 14:49:00.000,40.4535,-126.194,0.0,historical,,High
"Port-Olry, Vanuatu",6.5,2014-02-07 08:40:00.000,-15.0691,167.372,0.0,historical,,High
"Lithakiá, Greece",6.8,2018-10-25 22:54:00.000,37.5203,20.5565,0.0,historical,,High
"Nikolski, Alaska",6.7,2022-01-11 11:35:00.000,52.48,-167.736,0.0,historical,,High
"Ovalle, Chile",6.8,2015-11-07 07:31:00.000,-30.8796,-71.4519,0.0,historical,,High
"Laiwui, Indonesia",7.2,2019-07-14 09:10:00.000,-0.5858,128.034,0.0,historical,,High
"Iquique, Chile",6.5,2009-11-13 03:05:00.000,-19.394,-70.321,0.0,historical,,High
"‘Ohonua, Tonga",7.6,2009-03-19 18:17:00.000,-23.043,-174.66,0.0,historical,,Very High
"Hanamaki, Japan",6.5,2001-12-02 13:01:00.000,39.402,141.089,0.0,historical,,High
"Koróni, Greece",6.5,2008-02-14 12:08:00.000,36.345,21.863,0.0,historical,,High
"Kirakira, Solomon Islands",6.7,2004-11-11 17:34:00.000,-11.128,162.208,0.0,historical,,High
"Panguna, Papua New Guinea",6.6,2014-12-07 01:22:00.000,-6.5108,154.46,0.0,historical,,High
"Alo, Wallis and Futuna",6.5,2021-05-21 22:13:00.000,-16.4796,-177.356,0.0,historical,,High
"George Town, Cayman Islands",6.8,2004-12-14 23:20:00.000,18.958,-81.409,0.0,historical,,High
"Kuril’sk, Russia",7.2,2013-04-19 03:05:00.000,46.221,150.788,0.0,historical,,High
"Poronaysk, Russia",7.7,2012-08-14 02:59:00.000,49.8,145.064,0.0,historical,,Very High
"Kermadec Islands, New Zealand",7.4,2021-03-04 17:41:00.000,-29.6131,-177.842,0.0,historical,,High
"Tadine, New Caledonia",6.6,2018-12-05 06:43:00.000,-22.0629,169.733,0.0,historical,,High
Banda Sea,7.1,2005-03-02 10:42:00.000,-6.527,129.933,0.0,historical,,High
"?funato, Japan",7.3,2011-03-09 02:45:00.000,38.435,142.842,0.0,historical,,High
"Atlasovo, Russia",6.9,2003-06-16 22:08:00.000,55.492,159.999,0.0,historical,,High
"Ozernovskiy, Russia",6.5,2006-08-24 21:50:00.000,51.148,157.522,0.0,historical,,High
Molucca Sea,6.6,2019-01-06 17:27:00.000,2.258,126.758,0.0,historical,,High
"Batang, Indonesia",6.6,2020-07-06 22:54:00.000,-5.6368,110.678,0.0,historical,,High
"Iñapari, Peru",7.1,2018-08-24 09:04:00.000,-11.0355,-70.8284,0.0,historical,,High
"Hihifo, Tonga",6.8,2017-11-04 09:00:00.000,-15.3197,-173.168,0.0,historical,,High
"Padang, Indonesia",6.6,2008-02-25 18:06:00.000,-2.332,99.891,0.0,historical,,High
"Ugashik, Alaska",6.8,2015-05-29 07:00:00.000,56.594,-156.43,0.0,historical,,High
"Sola, Vanuatu",6.9,2008-09-08 18:52:00.000,-13.501,166.967,0.0,historical,,High
"Puerto San José, Guatemala",6.8,2017-06-22 12:31:00.000,13.7174,-90.9718,0.0,historical,,High
"Bahía Solano, Colombia",6.7,2013-08-13 15:43:00.000,5.7732,-78.1999,0.0,historical,,High
"Lakatoro, Vanuatu",6.6,2019-07-31 15:02:00.000,-16.1985,167.998,0.0,historical,,High
"Calama, Chile",6.5,2002-03-28 04:56:00.000,-21.663,-68.329,0.0,historical,,High
"Pangai, Tonga",8.0,2006-05-03 15:26:00.000,-19.99,-173.907,0.0,historical,,Very High
"Riverton, New Zealand",7.1,2004-11-22 20:26:00.000,-46.676,164.721,0.0,historical,,High
"Bengkulu, Indonesia",6.9,2022-11-18 13:37:00.000,-4.9559,100.738,0.0,historical,,High
"Edna Bay, Alaska",7.5,2013-01-05 08:58:00.000,55.228,-134.859,0.0,historical,,Very High
"Murghob, Tajikistan",7.2,2015-12-07 07:50:00.000,38.2107,72.7797,0.0,historical,,High
"3 km NE of San Diego Country Estates, California",6.0,2025-04-14 17:08:27.000,33.0337,-116.7581,9.0,realtime,1744650507000.0,Moderate
"24 km SW of Ocotillo Wells, CA",1.11,2025-04-14 17:03:26.390,33.003,-116.3248333,27.75,realtime,1744650206390.0,Low
"14 km E of Julian, CA",0.78,2025-04-14 16:57:00.100,33.0608333,-116.455,13.03,realtime,1744649820100.0,Low
"14 km E of Julian, CA",1.77,2025-04-14 16:56:08.350,33.0558333,-116.457,12.99,realtime,1744649768350.0,Low
"8 km WNW of Cobb, CA",0.34,2025-04-14 16:49:11.610,38.8388328552246,-122.814002990723,1.26999998092651,realtime,1744649351610.0,Low
"81 km SW of Nanwalek, Alaska",2.2,2025-04-14 16:48:28.910,58.9354,-153.0884,60.9,realtime,1744649308910.0,Low
"10 km NW of The Geysers, CA",1.34,2025-04-14 16:37:09.340,38.8371658325195,-122.835502624512,1.75,realtime,1744648629340.0,Low
"8 km NNW of The Geysers, CA",0.27,2025-04-14 16:29:07.560,38.8338317871094,-122.816497802734,2.09999990463257,realtime,1744648147560.0,Low
"10 km NE of Pāhala, Hawaii",1.95,2025-04-14 16:28:11.880,19.2561664581299,-155.398162841797,33.0099983215332,realtime,1744648091880.0,Low
"1 km E of Guaymate, Dominican Republic",3.89,2025-04-14 16:24:01.700,18.5863,-68.961,119.0,realtime,1744647841700.0,Low
"4 km N of Poway, CA",0.57,2025-04-14 16:10:52.220,33.0023333,-117.0295,2.18,realtime,1744647052220.0,Low
